 T, m
   1.501800     ,  0.9861946    
   1.503600     ,  0.9861845    
   1.505400     ,  0.9862135    
   1.507200     ,  0.9859049    
   1.509000     ,  0.9860889    
   1.510800     ,  0.9859104    
   1.512600     ,  0.9857560    
   1.514400     ,  0.9854617    
   1.516200     ,  0.9854857    
   1.518000     ,  0.9856817    
   1.519800     ,  0.9853635    
   1.521600     ,  0.9850665    
   1.523400     ,  0.9850749    
   1.525200     ,  0.9846846    
   1.527000     ,  0.9848822    
   1.528800     ,  0.9847280    
   1.530600     ,  0.9847741    
   1.532400     ,  0.9845128    
   1.534200     ,  0.9846193    
   1.536000     ,  0.9844919    
   1.537800     ,  0.9841683    
   1.539600     ,  0.9842260    
   1.541400     ,  0.9842085    
   1.543200     ,  0.9837902    
   1.545000     ,  0.9834838    
   1.546800     ,  0.9836648    
   1.548600     ,  0.9836211    
   1.550400     ,  0.9832860    
   1.552200     ,  0.9833651    
   1.554000     ,  0.9830788    
   1.555800     ,  0.9828175    
   1.557600     ,  0.9828782    
   1.559400     ,  0.9827038    
   1.561200     ,  0.9825735    
   1.563000     ,  0.9825256    
   1.564800     ,  0.9822516    
   1.566600     ,  0.9822127    
   1.568400     ,  0.9821296    
   1.570200     ,  0.9819503    
   1.572000     ,  0.9817492    
   1.573800     ,  0.9817241    
   1.575600     ,  0.9814048    
   1.577400     ,  0.9814568    
   1.579200     ,  0.9815363    
   1.581000     ,  0.9813243    
   1.582800     ,  0.9810710    
   1.584600     ,  0.9807642    
   1.586400     ,  0.9807562    
   1.588200     ,  0.9806240    
   1.590000     ,  0.9802068    
   1.591800     ,  0.9803325    
   1.593600     ,  0.9797761    
   1.595400     ,  0.9800989    
   1.597200     ,  0.9797993    
   1.599000     ,  0.9797741    
   1.600800     ,  0.9795179    
   1.602600     ,  0.9793825    
   1.604400     ,  0.9791933    
   1.606200     ,  0.9796056    
   1.608000     ,  0.9789858    
   1.609800     ,  0.9787381    
   1.611600     ,  0.9787372    
   1.613400     ,  0.9784275    
   1.615200     ,  0.9784041    
   1.617000     ,  0.9781832    
   1.618800     ,  0.9780579    
   1.620600     ,  0.9778605    
   1.622400     ,  0.9780234    
   1.624200     ,  0.9776441    
   1.626000     ,  0.9773818    
   1.627800     ,  0.9771668    
   1.629600     ,  0.9769996    
   1.631400     ,  0.9767687    
   1.633200     ,  0.9766967    
   1.635000     ,  0.9766331    
   1.636800     ,  0.9763976    
   1.638600     ,  0.9763659    
   1.640400     ,  0.9760798    
   1.642200     ,  0.9758240    
   1.644000     ,  0.9756950    
   1.645800     ,  0.9757626    
   1.647600     ,  0.9754320    
   1.649400     ,  0.9755539    
   1.651200     ,  0.9752693    
   1.653000     ,  0.9751022    
   1.654800     ,  0.9748083    
   1.656600     ,  0.9745760    
   1.658400     ,  0.9745378    
   1.660200     ,  0.9740450    
   1.662000     ,  0.9742453    
   1.663800     ,  0.9737408    
   1.665600     ,  0.9736484    
   1.667400     ,  0.9736072    
   1.669200     ,  0.9733028    
   1.671000     ,  0.9730020    
   1.672800     ,  0.9728386    
   1.674600     ,  0.9727693    
   1.676400     ,  0.9727151    
   1.678200     ,  0.9727000    
   1.680000     ,  0.9720167    
   1.681800     ,  0.9719868    
   1.683600     ,  0.9721314    
   1.685400     ,  0.9719446    
   1.687200     ,  0.9715781    
   1.689000     ,  0.9711410    
   1.690800     ,  0.9709604    
   1.692600     ,  0.9706329    
   1.694400     ,  0.9707700    
   1.696200     ,  0.9706537    
   1.698000     ,  0.9701442    
   1.699800     ,  0.9704514    
   1.701600     ,  0.9700073    
   1.703400     ,  0.9698808    
   1.705200     ,  0.9691964    
   1.707000     ,  0.9692836    
   1.708800     ,  0.9690367    
   1.710600     ,  0.9688169    
   1.712400     ,  0.9687394    
   1.714200     ,  0.9682966    
   1.716000     ,  0.9681383    
   1.717800     ,  0.9677461    
   1.719600     ,  0.9678195    
   1.721400     ,  0.9673774    
   1.723200     ,  0.9676964    
   1.725000     ,  0.9671593    
   1.726800     ,  0.9666027    
   1.728600     ,  0.9669396    
   1.730400     ,  0.9669006    
   1.732200     ,  0.9661894    
   1.734000     ,  0.9662082    
   1.735800     ,  0.9654414    
   1.737600     ,  0.9660051    
   1.739400     ,  0.9652355    
   1.741200     ,  0.9651793    
   1.743000     ,  0.9647579    
   1.744800     ,  0.9648026    
   1.746600     ,  0.9643672    
   1.748400     ,  0.9642015    
   1.750200     ,  0.9639897    
   1.752000     ,  0.9637390    
   1.753800     ,  0.9632037    
   1.755600     ,  0.9630513    
   1.757400     ,  0.9626878    
   1.759200     ,  0.9625725    
   1.761000     ,  0.9623517    
   1.762800     ,  0.9621298    
   1.764600     ,  0.9622059    
   1.766400     ,  0.9613504    
   1.768200     ,  0.9611385    
   1.770000     ,  0.9613595    
   1.771800     ,  0.9607789    
   1.773600     ,  0.9607810    
   1.775400     ,  0.9603778    
   1.777200     ,  0.9598833    
   1.779000     ,  0.9600235    
   1.780800     ,  0.9598785    
   1.782600     ,  0.9593610    
   1.784400     ,  0.9591563    
   1.786200     ,  0.9584363    
   1.788000     ,  0.9586202    
   1.789800     ,  0.9581299    
   1.791600     ,  0.9582127    
   1.793400     ,  0.9583990    
   1.795200     ,  0.9570549    
   1.797000     ,  0.9570563    
   1.798800     ,  0.9574668    
   1.800600     ,  0.9568171    
   1.802400     ,  0.9565817    
   1.804200     ,  0.9561342    
   1.806000     ,  0.9556336    
   1.807800     ,  0.9557434    
   1.809600     ,  0.9549559    
   1.811400     ,  0.9555055    
   1.813200     ,  0.9543217    
   1.815000     ,  0.9544066    
   1.816800     ,  0.9541538    
   1.818600     ,  0.9538830    
   1.820400     ,  0.9539345    
   1.822200     ,  0.9531096    
   1.824000     ,  0.9532444    
   1.825800     ,  0.9528717    
   1.827600     ,  0.9524052    
   1.829400     ,  0.9522675    
   1.831200     ,  0.9515448    
   1.833000     ,  0.9507458    
   1.834800     ,  0.9516530    
   1.836600     ,  0.9509516    
   1.838400     ,  0.9501181    
   1.840200     ,  0.9502932    
   1.842000     ,  0.9497390    
   1.843800     ,  0.9501548    
   1.845600     ,  0.9492546    
   1.847400     ,  0.9488578    
   1.849200     ,  0.9487067    
   1.851000     ,  0.9483191    
   1.852800     ,  0.9477472    
   1.854600     ,  0.9475431    
   1.856400     ,  0.9474540    
   1.858200     ,  0.9468973    
   1.860000     ,  0.9468095    
   1.861800     ,  0.9464756    
   1.863600     ,  0.9461928    
   1.865400     ,  0.9457107    
   1.867200     ,  0.9452798    
   1.869000     ,  0.9449342    
   1.870800     ,  0.9447552    
   1.872600     ,  0.9440255    
   1.874400     ,  0.9437634    
   1.876200     ,  0.9430979    
   1.878000     ,  0.9426450    
   1.879800     ,  0.9427606    
   1.881600     ,  0.9421763    
   1.883400     ,  0.9412900    
   1.885200     ,  0.9415104    
   1.887000     ,  0.9410384    
   1.888800     ,  0.9402291    
   1.890600     ,  0.9406071    
   1.892400     ,  0.9395835    
   1.894200     ,  0.9400558    
   1.896000     ,  0.9395752    
   1.897800     ,  0.9390743    
   1.899600     ,  0.9384724    
   1.901400     ,  0.9379071    
   1.903200     ,  0.9372580    
   1.905000     ,  0.9364044    
   1.906800     ,  0.9366511    
   1.908600     ,  0.9367676    
   1.910400     ,  0.9358240    
   1.912200     ,  0.9356362    
   1.914000     ,  0.9349177    
   1.915800     ,  0.9345853    
   1.917600     ,  0.9342004    
   1.919400     ,  0.9332415    
   1.921200     ,  0.9333954    
   1.923000     ,  0.9329039    
   1.924800     ,  0.9327788    
   1.926600     ,  0.9318742    
   1.928400     ,  0.9318370    
   1.930200     ,  0.9316835    
   1.932000     ,  0.9308785    
   1.933800     ,  0.9304386    
   1.935600     ,  0.9295304    
   1.937400     ,  0.9294065    
   1.939200     ,  0.9292659    
   1.941000     ,  0.9280527    
   1.942800     ,  0.9281999    
   1.944600     ,  0.9283419    
   1.946400     ,  0.9268866    
   1.948200     ,  0.9267069    
   1.950000     ,  0.9261787    
   1.951800     ,  0.9252234    
   1.953600     ,  0.9252567    
   1.955400     ,  0.9251874    
   1.957200     ,  0.9237475    
   1.959000     ,  0.9239812    
   1.960800     ,  0.9241408    
   1.962600     ,  0.9231879    
   1.964400     ,  0.9217983    
   1.966200     ,  0.9220840    
   1.968000     ,  0.9207424    
   1.969800     ,  0.9213243    
   1.971600     ,  0.9205762    
   1.973400     ,  0.9199197    
   1.975200     ,  0.9192520    
   1.977000     ,  0.9184269    
   1.978800     ,  0.9178336    
   1.980600     ,  0.9169694    
   1.982400     ,  0.9171395    
   1.984200     ,  0.9171390    
   1.986000     ,  0.9155996    
   1.987800     ,  0.9150208    
   1.989600     ,  0.9150776    
   1.991400     ,  0.9131496    
   1.993200     ,  0.9132940    
   1.995000     ,  0.9132703    
   1.996800     ,  0.9126744    
   1.998600     ,  0.9113725    
   2.000400     ,  0.9108475    
   2.002200     ,  0.9099412    
   2.004000     ,  0.9094726    
   2.005800     ,  0.9095701    
   2.007600     ,  0.9088635    
   2.009400     ,  0.9086597    
   2.011200     ,  0.9084905    
   2.013000     ,  0.9065630    
   2.014800     ,  0.9054438    
   2.016600     ,  0.9059739    
   2.018400     ,  0.9043016    
   2.020200     ,  0.9036780    
   2.022000     ,  0.9033526    
   2.023800     ,  0.9034759    
   2.025600     ,  0.9022672    
   2.027400     ,  0.9016959    
   2.029200     ,  0.8995402    
   2.031000     ,  0.9008657    
   2.032800     ,  0.8993607    
   2.034600     ,  0.8997702    
   2.036400     ,  0.8975899    
   2.038200     ,  0.8968560    
   2.040000     ,  0.8972791    
   2.041800     ,  0.8964167    
   2.043600     ,  0.8958015    
   2.045400     ,  0.8948895    
   2.047200     ,  0.8939447    
   2.049000     ,  0.8929800    
   2.050800     ,  0.8927787    
   2.052600     ,  0.8915590    
   2.054400     ,  0.8907819    
   2.056200     ,  0.8891146    
   2.058000     ,  0.8902062    
   2.059800     ,  0.8878178    
   2.061600     ,  0.8871183    
   2.063400     ,  0.8867531    
   2.065200     ,  0.8852046    
   2.067000     ,  0.8850523    
   2.068800     ,  0.8844834    
   2.070600     ,  0.8836285    
   2.072400     ,  0.8824957    
   2.074200     ,  0.8824843    
   2.076000     ,  0.8809090    
   2.077800     ,  0.8807107    
   2.079600     ,  0.8785067    
   2.081400     ,  0.8788108    
   2.083200     ,  0.8781300    
   2.085000     ,  0.8764710    
   2.086800     ,  0.8774477    
   2.088600     ,  0.8745688    
   2.090400     ,  0.8749965    
   2.092200     ,  0.8741155    
   2.094000     ,  0.8707218    
   2.095800     ,  0.8712337    
   2.097600     ,  0.8699691    
   2.099400     ,  0.8685496    
   2.101200     ,  0.8670289    
   2.103000     ,  0.8665895    
   2.104800     ,  0.8655351    
   2.106600     ,  0.8641469    
   2.108400     ,  0.8641027    
   2.110200     ,  0.8628758    
   2.112000     ,  0.8613782    
   2.113800     ,  0.8591999    
   2.115600     ,  0.8590165    
   2.117400     ,  0.8598970    
   2.119200     ,  0.8580218    
   2.121000     ,  0.8551807    
   2.122800     ,  0.8562021    
   2.124600     ,  0.8549078    
   2.126400     ,  0.8520138    
   2.128200     ,  0.8518217    
   2.130000     ,  0.8499476    
   2.131800     ,  0.8493090    
   2.133600     ,  0.8466856    
   2.135400     ,  0.8462555    
   2.137200     ,  0.8456658    
   2.139000     ,  0.8438700    
   2.140800     ,  0.8421449    
   2.142600     ,  0.8398414    
   2.144400     ,  0.8404860    
   2.146200     ,  0.8402566    
   2.148000     ,  0.8368863    
   2.149800     ,  0.8346559    
   2.151600     ,  0.8332725    
   2.153400     ,  0.8295839    
   2.155200     ,  0.8322829    
   2.157000     ,  0.8287938    
   2.158800     ,  0.8305542    
   2.160600     ,  0.8263013    
   2.162400     ,  0.8249967    
   2.164200     ,  0.8225552    
   2.166000     ,  0.8197942    
   2.167800     ,  0.8195854    
   2.169600     ,  0.8183409    
   2.171400     ,  0.8180831    
   2.173200     ,  0.8145511    
   2.175000     ,  0.8150135    
   2.176800     ,  0.8125088    
   2.178600     ,  0.8096595    
   2.180400     ,  0.8068686    
   2.182200     ,  0.8069378    
   2.184000     ,  0.8048161    
   2.185800     ,  0.8050991    
   2.187600     ,  0.7992732    
   2.189400     ,  0.7971457    
   2.191200     ,  0.7982978    
   2.193000     ,  0.7937902    
   2.194800     ,  0.7937042    
   2.196600     ,  0.7933025    
   2.198400     ,  0.7884764    
   2.200200     ,  0.7867881    
   2.202000     ,  0.7816571    
   2.203800     ,  0.7816239    
   2.205600     ,  0.7803005    
   2.207400     ,  0.7791314    
   2.209200     ,  0.7772235    
   2.211000     ,  0.7742061    
   2.212800     ,  0.7691939    
   2.214600     ,  0.7674029    
   2.216400     ,  0.7670968    
   2.218200     ,  0.7637994    
   2.220000     ,  0.7649167    
   2.221800     ,  0.7592888    
   2.223600     ,  0.7548147    
   2.225400     ,  0.7516459    
   2.227200     ,  0.7505098    
   2.229000     ,  0.7444769    
   2.230800     ,  0.7435526    
   2.232600     ,  0.7419810    
   2.234400     ,  0.7378559    
   2.236200     ,  0.7323164    
   2.238000     ,  0.7315137    
   2.239800     ,  0.7270027    
   2.241600     ,  0.7256712    
   2.243400     ,  0.7234502    
   2.245200     ,  0.7200720    
   2.247000     ,  0.7212822    
   2.248800     ,  0.7158325    
   2.250600     ,  0.7105771    
   2.252400     ,  0.7055300    
   2.254200     ,  0.7021742    
   2.256000     ,  0.6978387    
   2.257800     ,  0.6945816    
   2.259600     ,  0.6974087    
   2.261400     ,  0.6910850    
   2.263200     ,  0.6901072    
   2.265000     ,  0.6870683    
   2.266800     ,  0.6797434    
   2.268600     ,  0.6735444    
   2.270400     ,  0.6714168    
   2.272200     ,  0.6677711    
   2.274000     ,  0.6596549    
   2.275800     ,  0.6621802    
   2.277600     ,  0.6560937    
   2.279400     ,  0.6532170    
   2.281200     ,  0.6469820    
   2.283000     ,  0.6441554    
   2.284800     ,  0.6435916    
   2.286600     ,  0.6399399    
   2.288400     ,  0.6296359    
   2.290200     ,  0.6338392    
   2.292000     ,  0.6234297    
   2.293800     ,  0.6208939    
   2.295600     ,  0.6215013    
   2.297400     ,  0.6115708    
   2.299200     ,  0.6128758    
   2.301000     ,  0.6095939    
   2.302800     ,  0.5997853    
   2.304600     ,  0.5952997    
   2.306400     ,  0.5915473    
   2.308200     ,  0.5825014    
   2.310000     ,  0.5835933    
   2.311800     ,  0.5831935    
   2.313600     ,  0.5760917    
   2.315400     ,  0.5705723    
   2.317200     ,  0.5692734    
   2.319000     ,  0.5612471    
   2.320800     ,  0.5530210    
   2.322600     ,  0.5483150    
   2.324400     ,  0.5562457    
   2.326200     ,  0.5519671    
   2.328000     ,  0.5408157    
   2.329800     ,  0.5328192    
   2.331600     ,  0.5374762    
   2.333400     ,  0.5216985    
   2.335200     ,  0.5208929    
   2.337000     ,  0.5184828    
   2.338800     ,  0.5152385    
   2.340600     ,  0.5097939    
   2.342400     ,  0.5111269    
   2.344200     ,  0.4981192    
   2.346000     ,  0.5004039    
   2.347800     ,  0.4923854    
   2.349600     ,  0.4911383    
   2.351400     ,  0.4839783    
   2.353200     ,  0.4783260    
   2.355000     ,  0.4792455    
   2.356800     ,  0.4768887    
   2.358600     ,  0.4728696    
   2.360400     ,  0.4624111    
   2.362200     ,  0.4629113    
   2.364000     ,  0.4587417    
   2.365800     ,  0.4527155    
   2.367600     ,  0.4479696    
   2.369400     ,  0.4411327    
   2.371200     ,  0.4422561    
   2.373000     ,  0.4347340    
   2.374800     ,  0.4340867    
   2.376600     ,  0.4352515    
   2.378400     ,  0.4294770    
   2.380200     ,  0.4202552    
   2.382000     ,  0.4255473    
   2.383800     ,  0.4231665    
   2.385600     ,  0.4132181    
   2.387400     ,  0.4149686    
   2.389200     ,  0.4096636    
   2.391000     ,  0.4037717    
   2.392800     ,  0.4042338    
   2.394600     ,  0.3975579    
   2.396400     ,  0.3898839    
   2.398200     ,  0.3923827    
   2.400000     ,  0.3811304    
   2.401800     ,  0.3853781    
   2.403600     ,  0.3791294    
   2.405400     ,  0.3727286    
   2.407200     ,  0.3778081    
   2.409000     ,  0.3722710    
   2.410800     ,  0.3711689    
   2.412600     ,  0.3627438    
   2.414400     ,  0.3687780    
   2.416200     ,  0.3607509    
   2.418000     ,  0.3561766    
   2.419800     ,  0.3532377    
   2.421600     ,  0.3557236    
   2.423400     ,  0.3491193    
   2.425200     ,  0.3430766    
   2.427000     ,  0.3432357    
   2.428800     ,  0.3344197    
   2.430600     ,  0.3370644    
   2.432400     ,  0.3339403    
   2.434200     ,  0.3333004    
   2.436000     ,  0.3301869    
   2.437800     ,  0.3270206    
   2.439600     ,  0.3264373    
   2.441400     ,  0.3234525    
   2.443200     ,  0.3193526    
   2.445000     ,  0.3117448    
   2.446800     ,  0.3159246    
   2.448600     ,  0.3103738    
   2.450400     ,  0.3147383    
   2.452200     ,  0.3094929    
   2.454000     ,  0.3061272    
   2.455800     ,  0.3069472    
   2.457600     ,  0.3031000    
   2.459400     ,  0.2985626    
   2.461200     ,  0.2970710    
   2.463000     ,  0.2924542    
   2.464800     ,  0.2947965    
   2.466600     ,  0.2910957    
   2.468400     ,  0.2895004    
   2.470200     ,  0.2882140    
   2.472000     ,  0.2825924    
   2.473800     ,  0.2843166    
   2.475600     ,  0.2868653    
   2.477400     ,  0.2747285    
   2.479200     ,  0.2788955    
   2.481000     ,  0.2796303    
   2.482800     ,  0.2776034    
   2.484600     ,  0.2738003    
   2.486400     ,  0.2700043    
   2.488200     ,  0.2667378    
   2.490000     ,  0.2693017    
   2.491800     ,  0.2620283    
   2.493600     ,  0.2656245    
   2.495400     ,  0.2647039    
   2.497200     ,  0.2593673    
   2.499000     ,  0.2570300    
   2.500800     ,  0.2574545    
   2.502600     ,  0.2508510    
   2.504400     ,  0.2529205    
   2.506200     ,  0.2517349    
   2.508000     ,  0.2540778    
   2.509800     ,  0.2545785    
   2.511600     ,  0.2465781    
   2.513400     ,  0.2422487    
   2.515200     ,  0.2492371    
   2.517000     ,  0.2463171    
   2.518800     ,  0.2422777    
   2.520600     ,  0.2395051    
   2.522400     ,  0.2396211    
   2.524200     ,  0.2401783    
   2.526000     ,  0.2348514    
   2.527800     ,  0.2310468    
   2.529600     ,  0.2364319    
   2.531400     ,  0.2325599    
   2.533200     ,  0.2316948    
   2.535000     ,  0.2306341    
   2.536800     ,  0.2295067    
   2.538600     ,  0.2243662    
   2.540400     ,  0.2284537    
   2.542200     ,  0.2270990    
   2.544000     ,  0.2208112    
   2.545800     ,  0.2253618    
   2.547600     ,  0.2212703    
   2.549400     ,  0.2233940    
   2.551200     ,  0.2201541    
   2.553000     ,  0.2194127    
   2.554800     ,  0.2186011    
   2.556600     ,  0.2153897    
   2.558400     ,  0.2156143    
   2.560200     ,  0.2172289    
   2.562000     ,  0.2115986    
   2.563800     ,  0.2083526    
   2.565600     ,  0.2155901    
   2.567400     ,  0.2120252    
   2.569200     ,  0.2135420    
   2.571000     ,  0.2075853    
   2.572800     ,  0.2070639    
   2.574600     ,  0.2043399    
   2.576400     ,  0.2043515    
   2.578200     ,  0.2026690    
   2.580000     ,  0.2043370    
   2.581800     ,  0.2007766    
   2.583600     ,  0.2006374    
   2.585400     ,  0.1984978    
   2.587200     ,  0.2010847    
   2.589000     ,  0.1976999    
   2.590800     ,  0.1992331    
   2.592600     ,  0.1969529    
   2.594400     ,  0.1952170    
   2.596200     ,  0.1969037    
   2.598000     ,  0.1939898    
   2.599800     ,  0.1925488    
   2.601600     ,  0.1912487    
   2.603400     ,  0.1928795    
   2.605200     ,  0.1930702    
   2.607000     ,  0.1910640    
   2.608800     ,  0.1910069    
   2.610600     ,  0.1901576    
   2.612400     ,  0.1865512    
   2.614200     ,  0.1891229    
   2.616000     ,  0.1852329    
   2.617800     ,  0.1852113    
   2.619600     ,  0.1868656    
   2.621400     ,  0.1866658    
   2.623200     ,  0.1859034    
   2.625000     ,  0.1818520    
   2.626800     ,  0.1833736    
   2.628600     ,  0.1831534    
   2.630400     ,  0.1826155    
   2.632200     ,  0.1752154    
   2.634000     ,  0.1795117    
   2.635800     ,  0.1797840    
   2.637600     ,  0.1778546    
   2.639400     ,  0.1726373    
   2.641200     ,  0.1779332    
   2.643000     ,  0.1762207    
   2.644800     ,  0.1796524    
   2.646600     ,  0.1710337    
   2.648400     ,  0.1758402    
   2.650200     ,  0.1776230    
   2.652000     ,  0.1719581    
   2.653800     ,  0.1734993    
   2.655600     ,  0.1718333    
   2.657400     ,  0.1712640    
   2.659200     ,  0.1682278    
   2.661000     ,  0.1672608    
   2.662800     ,  0.1705919    
   2.664600     ,  0.1699045    
   2.666400     ,  0.1693049    
   2.668200     ,  0.1714316    
   2.670000     ,  0.1698681    
   2.671800     ,  0.1688585    
   2.673600     ,  0.1660245    
   2.675400     ,  0.1644807    
   2.677200     ,  0.1681881    
   2.679000     ,  0.1639494    
   2.680800     ,  0.1657105    
   2.682600     ,  0.1655652    
   2.684400     ,  0.1639202    
   2.686200     ,  0.1609736    
   2.688000     ,  0.1628634    
   2.689800     ,  0.1613481    
   2.691600     ,  0.1617348    
   2.693400     ,  0.1613193    
   2.695200     ,  0.1569924    
   2.697000     ,  0.1585348    
   2.698800     ,  0.1564475    
   2.700600     ,  0.1566345    
   2.702400     ,  0.1578192    
   2.704200     ,  0.1573744    
   2.706000     ,  0.1588248    
   2.707800     ,  0.1570289    
   2.709600     ,  0.1561468    
   2.711400     ,  0.1596998    
   2.713200     ,  0.1555369    
   2.715000     ,  0.1535940    
   2.716800     ,  0.1550634    
   2.718600     ,  0.1557297    
   2.720400     ,  0.1549738    
   2.722200     ,  0.1531907    
   2.724000     ,  0.1523107    
   2.725800     ,  0.1505922    
   2.727600     ,  0.1529976    
   2.729400     ,  0.1529618    
   2.731200     ,  0.1508917    
   2.733000     ,  0.1501343    
   2.734800     ,  0.1495527    
   2.736600     ,  0.1491147    
   2.738400     ,  0.1469992    
   2.740200     ,  0.1478458    
   2.742000     ,  0.1465962    
   2.743800     ,  0.1456881    
   2.745600     ,  0.1469655    
   2.747400     ,  0.1482057    
   2.749200     ,  0.1477043    
   2.751000     ,  0.1468762    
   2.752800     ,  0.1434209    
   2.754600     ,  0.1438849    
   2.756400     ,  0.1458327    
   2.758200     ,  0.1441087    
   2.760000     ,  0.1420378    
   2.761800     ,  0.1432551    
   2.763600     ,  0.1423449    
   2.765400     ,  0.1435795    
   2.767200     ,  0.1417567    
   2.769000     ,  0.1412705    
   2.770800     ,  0.1402209    
   2.772600     ,  0.1426777    
   2.774400     ,  0.1406529    
   2.776200     ,  0.1411290    
   2.778000     ,  0.1404542    
   2.779800     ,  0.1393726    
   2.781600     ,  0.1399326    
   2.783400     ,  0.1400538    
   2.785200     ,  0.1399656    
   2.787000     ,  0.1379674    
   2.788800     ,  0.1352973    
   2.790600     ,  0.1387064    
   2.792400     ,  0.1363581    
   2.794200     ,  0.1366535    
   2.796000     ,  0.1416387    
   2.797800     ,  0.1342155    
   2.799600     ,  0.1370873    
   2.801400     ,  0.1352101    
   2.803200     ,  0.1352978    
   2.805000     ,  0.1336959    
   2.806800     ,  0.1347360    
   2.808600     ,  0.1370555    
   2.810400     ,  0.1338230    
   2.812200     ,  0.1330776    
   2.814000     ,  0.1336717    
   2.815800     ,  0.1322361    
   2.817600     ,  0.1314095    
   2.819400     ,  0.1325850    
   2.821200     ,  0.1335386    
   2.823000     ,  0.1307857    
   2.824800     ,  0.1304491    
   2.826600     ,  0.1296153    
   2.828400     ,  0.1296033    
   2.830200     ,  0.1308971    
   2.832000     ,  0.1325181    
   2.833800     ,  0.1298126    
   2.835600     ,  0.1319172    
   2.837400     ,  0.1293648    
   2.839200     ,  0.1297498    
   2.841000     ,  0.1296368    
   2.842800     ,  0.1273026    
   2.844600     ,  0.1282410    
   2.846400     ,  0.1275601    
   2.848200     ,  0.1267679    
   2.850000     ,  0.1294693    
   2.851800     ,  0.1273801    
   2.853600     ,  0.1288144    
   2.855400     ,  0.1269245    
   2.857200     ,  0.1260189    
   2.859000     ,  0.1258493    
   2.860800     ,  0.1282672    
   2.862600     ,  0.1250012    
   2.864400     ,  0.1239700    
   2.866200     ,  0.1224372    
   2.868000     ,  0.1245837    
   2.869800     ,  0.1248957    
   2.871600     ,  0.1231990    
   2.873400     ,  0.1254616    
   2.875200     ,  0.1237322    
   2.877000     ,  0.1235540    
   2.878800     ,  0.1282199    
   2.880600     ,  0.1222369    
   2.882400     ,  0.1233025    
   2.884200     ,  0.1230357    
   2.886000     ,  0.1236157    
   2.887800     ,  0.1227344    
   2.889600     ,  0.1205098    
   2.891400     ,  0.1242512    
   2.893200     ,  0.1206600    
   2.895000     ,  0.1225784    
   2.896800     ,  0.1220905    
   2.898600     ,  0.1213897    
   2.900400     ,  0.1216842    
   2.902200     ,  0.1202210    
   2.904000     ,  0.1181775    
   2.905800     ,  0.1198451    
   2.907600     ,  0.1208941    
   2.909400     ,  0.1189859    
   2.911200     ,  0.1165358    
   2.913000     ,  0.1165147    
   2.914800     ,  0.1180518    
   2.916600     ,  0.1193302    
   2.918400     ,  0.1199028    
   2.920200     ,  0.1183738    
   2.922000     ,  0.1189346    
   2.923800     ,  0.1176899    
   2.925600     ,  0.1150452    
   2.927400     ,  0.1155868    
   2.929200     ,  0.1194755    
   2.931000     ,  0.1185125    
   2.932800     ,  0.1154996    
   2.934600     ,  0.1171334    
   2.936400     ,  0.1177085    
   2.938200     ,  0.1170587    
   2.940000     ,  0.1171841    
   2.941800     ,  0.1149984    
   2.943600     ,  0.1164615    
   2.945400     ,  0.1151320    
   2.947200     ,  0.1133823    
   2.949000     ,  0.1134002    
   2.950800     ,  0.1144985    
   2.952600     ,  0.1151916    
   2.954400     ,  0.1122739    
   2.956200     ,  0.1121920    
   2.958000     ,  0.1140799    
   2.959800     ,  0.1136122    
   2.961600     ,  0.1124455    
   2.963400     ,  0.1119864    
   2.965200     ,  0.1147219    
   2.967000     ,  0.1119827    
   2.968800     ,  0.1105457    
   2.970600     ,  0.1098579    
   2.972400     ,  0.1108862    
   2.974200     ,  0.1120741    
   2.976000     ,  0.1112435    
   2.977800     ,  0.1098308    
   2.979600     ,  0.1107403    
   2.981400     ,  0.1110048    
   2.983200     ,  0.1097694    
   2.985000     ,  0.1095582    
   2.986800     ,  0.1114962    
   2.988600     ,  0.1086640    
   2.990400     ,  0.1097165    
   2.992200     ,  0.1114475    
   2.994000     ,  0.1096683    
   2.995800     ,  0.1084720    
   2.997600     ,  0.1075786    
   2.999400     ,  0.1079069    
   3.001200     ,  0.1089854    
   3.003000     ,  0.1096594    
   3.004800     ,  0.1093612    
   3.006600     ,  0.1083038    
   3.008400     ,  0.1083118    
   3.010200     ,  0.1076420    
   3.012000     ,  0.1060520    
   3.013800     ,  0.1070045    
   3.015600     ,  0.1066250    
   3.017400     ,  0.1069122    
   3.019200     ,  0.1063510    
   3.021000     ,  0.1064354    
   3.022800     ,  0.1055548    
   3.024600     ,  0.1063919    
   3.026400     ,  0.1043537    
   3.028200     ,  0.1053340    
   3.030000     ,  0.1075166    
   3.031800     ,  0.1067908    
   3.033600     ,  0.1045014    
   3.035400     ,  0.1043816    
   3.037200     ,  0.1064401    
   3.039000     ,  0.1043895    
   3.040800     ,  0.1068683    
   3.042600     ,  0.1070928    
   3.044400     ,  0.1054121    
   3.046200     ,  0.1054051    
   3.048000     ,  0.1049745    
   3.049800     ,  0.1049412    
   3.051600     ,  0.1039011    
   3.053400     ,  0.1040682    
   3.055200     ,  0.1050624    
   3.057000     ,  0.1043133    
   3.058800     ,  0.1028584    
   3.060600     ,  0.1024354    
   3.062400     ,  0.1019363    
   3.064200     ,  0.1033603    
   3.066000     ,  0.1045687    
   3.067800     ,  0.1022242    
   3.069600     ,  9.9979758E-02
   3.071400     ,  0.1026441    
   3.073200     ,  0.1043375    
   3.075000     ,  0.1006824    
   3.076800     ,  0.1019253    
   3.078600     ,  0.1032905    
   3.080400     ,  0.1006081    
   3.082200     ,  0.1024092    
   3.084000     ,  0.1024731    
   3.085800     ,  0.1015466    
   3.087600     ,  9.9993736E-02
   3.089400     ,  0.1010273    
   3.091200     ,  0.1016602    
   3.093000     ,  0.1009116    
   3.094800     ,  9.9223942E-02
   3.096600     ,  0.1007299    
   3.098400     ,  9.9126182E-02
   3.100200     ,  0.1003674    
   3.102000     ,  9.9917032E-02
   3.103800     ,  0.1016981    
   3.105600     ,  0.1006812    
   3.107400     ,  9.7740330E-02
   3.109200     ,  0.1009915    
   3.111000     ,  0.1006076    
   3.112800     ,  0.1005930    
   3.114600     ,  9.9764615E-02
   3.116400     ,  9.8668851E-02
   3.118200     ,  9.8841719E-02
   3.120000     ,  9.8215126E-02
   3.121800     ,  9.8567881E-02
   3.123600     ,  9.8142840E-02
   3.125400     ,  9.7140037E-02
   3.127200     ,  9.7358830E-02
   3.129000     ,  9.8599896E-02
   3.130800     ,  9.8193511E-02
   3.132600     ,  9.6734323E-02
   3.134400     ,  9.8229922E-02
   3.136200     ,  9.7883053E-02
   3.138000     ,  9.8137066E-02
   3.139800     ,  9.7680978E-02
   3.141600     ,  9.7166285E-02
   3.143400     ,  9.6459061E-02
   3.145200     ,  9.6908227E-02
   3.147000     ,  9.6129343E-02
   3.148800     ,  9.7770303E-02
   3.150600     ,  9.7468860E-02
   3.152400     ,  9.6545450E-02
   3.154200     ,  9.6398637E-02
   3.156000     ,  9.6585684E-02
   3.157800     ,  9.4532654E-02
   3.159600     ,  9.5854208E-02
   3.161400     ,  9.5718637E-02
   3.163200     ,  9.5066525E-02
   3.165000     ,  9.6643269E-02
   3.166800     ,  9.5657133E-02
   3.168600     ,  9.5608421E-02
   3.170400     ,  9.4972141E-02
   3.172200     ,  9.6523717E-02
   3.174000     ,  9.6370704E-02
   3.175800     ,  9.3978457E-02
   3.177600     ,  9.6165933E-02
   3.179400     ,  9.4018199E-02
   3.181200     ,  9.5211126E-02
   3.183000     ,  9.5494106E-02
   3.184800     ,  9.3972735E-02
   3.186600     ,  9.5433168E-02
   3.188400     ,  9.4048269E-02
   3.190200     ,  9.4019935E-02
   3.192000     ,  9.1976576E-02
   3.193800     ,  9.4233833E-02
   3.195600     ,  9.3371689E-02
   3.197400     ,  9.4811112E-02
   3.199200     ,  9.3662292E-02
   3.201000     ,  9.2990935E-02
   3.202800     ,  9.3506128E-02
   3.204600     ,  9.2466041E-02
   3.206400     ,  9.2582554E-02
   3.208200     ,  9.3053013E-02
   3.210000     ,  9.2353441E-02
   3.211800     ,  9.3766630E-02
   3.213600     ,  8.9973368E-02
   3.215400     ,  9.0589538E-02
   3.217200     ,  9.2003495E-02
   3.219000     ,  9.2052676E-02
   3.220800     ,  9.2635080E-02
   3.222600     ,  9.2897877E-02
   3.224400     ,  9.2615232E-02
   3.226200     ,  9.3203418E-02
   3.228000     ,  9.1697551E-02
   3.229800     ,  9.1538213E-02
   3.231600     ,  9.1212273E-02
   3.233400     ,  9.1932438E-02
   3.235200     ,  9.0984054E-02
   3.237000     ,  9.2342585E-02
   3.238800     ,  9.1618076E-02
   3.240600     ,  9.1465056E-02
   3.242400     ,  8.8602468E-02
   3.244200     ,  8.9723758E-02
   3.246000     ,  9.2076957E-02
   3.247800     ,  8.9996994E-02
   3.249600     ,  9.1172703E-02
   3.251400     ,  9.0657584E-02
   3.253200     ,  9.0451993E-02
   3.255000     ,  9.0030991E-02
   3.256800     ,  9.0982057E-02
   3.258600     ,  9.1431253E-02
   3.260400     ,  9.0660051E-02
   3.262200     ,  9.0120547E-02
   3.264000     ,  8.9959703E-02
   3.265800     ,  8.9095123E-02
   3.267600     ,  9.0134561E-02
   3.269400     ,  9.0075172E-02
   3.271200     ,  8.9088798E-02
   3.273000     ,  8.8676743E-02
   3.274800     ,  8.8859744E-02
   3.276600     ,  8.8879019E-02
   3.278400     ,  8.8418297E-02
   3.280200     ,  9.0009056E-02
   3.282000     ,  8.9655280E-02
   3.283800     ,  8.8757895E-02
   3.285600     ,  8.7268017E-02
   3.287400     ,  8.7294906E-02
   3.289200     ,  8.8491738E-02
   3.291000     ,  8.7985635E-02
   3.292800     ,  8.6790740E-02
   3.294600     ,  8.6748496E-02
   3.296400     ,  8.8415533E-02
   3.298200     ,  8.5602872E-02
   3.300000     ,  8.9022934E-02
